CompanyId,NepseId,Company,Symbol,Sector
596,2790,Aarambha Chautari Laghubitta Bittiya Sanstha Limited,ACLBSL,Microfinance
259,2845,Adhikhola Laghubitta Bittiya Sanstha Limited,AKBSL,Microfinance
2,397,Agriculture Development Bank Limited,ADBL,Commercial Banks
583,2893,Ajod Insurance Limited,AIL,Non Life Insurance
151,2788,Ankhu Khola Jalvidhyut Company Ltd,AKJCL,Hydro Power
152,697,Api Power Company Ltd.,API,Hydro Power
153,2757,Arun Kabeli Power Ltd.,AKPL,Hydro Power
154,360,Arun Valley Hydropower Development Co. Ltd.,AHPC,Hydro Power
261,2807,Asha Laghubitta Bittiya Sanstha Ltd,ALBSL,Microfinance
243,385,Asian Life Insurance Co. Limited,ALICL,Life Insurance
3,138,Bank of Kathmandu Ltd.,BOKL,Commercial Banks
155,686,Barun Hydropower Co. Ltd.,BARUN,Hydro Power
108,227,Best Finance Company Ltd.,BFC,Finance
234,156,Bishal Bazar Company Limited,BBC,Tradings
237,195,Bottlers Nepal (Balaju) Limited,BNL,Manufacturing and Processing
236,213,Bottlers Nepal (Terai) Limited,BNT,Manufacturing and Processing
683,0,Buddha Bhumi Nepal Hydropower Company Limited,BNHC,Hydro Power
156,153,Butwal Power Company Limited,BPCL,Hydro Power
727,0,CEDB Hydropower Development Co. Ltd.,CHDC,Investment
112,245,Central Finance Co. Ltd.,CFCL,Finance
5,605,Century Commercial Bank Ltd.,CCBL,Commercial Banks
620,0,Chandragiri Hills Limited,CGH,Hotels and Tourism
265,164,Chhimek Laghubitta Bikas Bank Limited,CBBL,Microfinance
157,2766,Chhyangdi Hydropower Ltd.,CHL,Hydro Power
158,154,Chilime Hydropower Company Limited,CHCL,Hydro Power
7,348,Citizen Bank International Limited,CZBIL,Commercial Banks
231,210,Citizen Investment Trust,CIT,Investment
9,532,Civil Bank Ltd,CBL,Commercial Banks
268,693,Civil Laghubitta Bittiya Sanstha Ltd.,CLBSL,Microfinance
54,450,Corporate Development Bank Limited,CORBL,Development Banks
269,166,Deprosc Laghubitta Bittiya Sanstha Limited,DDBL,Microfinance
744,0,Deurali lagubitta Bitiya Sanstha Limited,DLBSL,Microfinance
159,2754,Dibyashwori Hydropower Ltd.,DHPL,Hydro Power
780,0,Emerging Nepal Limited,ENL,Investment
11,137,Everest Bank Limited,EBL,Commercial Banks
201,181,Everest Insurance Co. Ltd.,EIC,Non Life Insurance
58,274,Excel Development Bank Ltd.,EDBL,Development Banks
271,490,First Micro Finance Development Bank Ltd.,FMDBL,Microfinance
273,2758,Forward Community Microfinance Bittiya Sanstha Ltd.,FOWAD,Microfinance
275,2815,Ganapati Laghubitta Bittiya Sanstha Limited,GMFBS,Microfinance
62,417,Garima Bikas Bank Limited,GBBL,Development Banks
609,2905,General Insurance Company Nepal Ltd,GIC,Non Life Insurance
160,2806,Ghalemdi Hydro Limited,GHL,Hydro Power
13,341,Global IME Bank Limited,GBIME,Commercial Banks
280,705,Global IME Laghubitta Bittiya Sanstha Ltd.,GILB,Microfinance
116,232,Goodwill Finance Co. Ltd.,GFCL,Finance
281,583,Grameen Bikas Laghubitta Bittiya Sanstha Ltd.,GBLBS,Microfinance
64,2744,Green Development Bank Ltd.,GRDBL,Development Banks
579,0,Greenlife Hydropower Limited,GLH,Hydro Power
118,263,Guheshowori Merchant Bank & Finance Co. Ltd.,GMFIL,Finance
284,2826,Gurans Laghubitta Bittiya Sanstha Limited,GLBSL,Microfinance
245,447,Gurans Life Insurance Company Ltd.,GLICL,Life Insurance
120,204,Gurkhas Finance Ltd.,GUFL,Finance
357,2880,Himal Dolakha Hydropower Company Limited,HDHPC,Hydro Power
161,2824,Himalaya Urja Bikas Company Limited,HURJA,Hydro Power
15,134,Himalayan Bank Limited,HBL,Commercial Banks
238,235,Himalayan Distillery Limited,HDL,Manufacturing and Processing
203,179,Himalayan General Insurance Co. Ltd,HGI,Non Life Insurance
162,2767,Himalayan Power Partner Ltd.,HPPL,Hydro Power
232,2742,Hydorelectricity Investment and Development Company Ltd,HIDCL,Investment
122,273,ICFC Finance Limited,ICFC,Finance
205,186,IME General Insurance Ltd.,IGI,Non Life Insurance
285,2832,Infinity Laghubitta Bittiya Sanstha Limited,ILBS,Microfinance
779,0,Jalpa Samudayik Laghubitta Bittiya Sanstha Limited,JALPA,Microfinance
124,250,Janaki Finance Ltd.,JFL,Finance
288,695,Janautthan Samudayic Laghubitta Bikas Bank Ltd.,JSLBB,Microfinance
695,0,Jeevan Bikas Laghubitta Bittiya Sanstha Limited,JBLB,Microfinance
163,2789,Joshi Hydropower Development Company Ltd,JOSHI,Hydro Power
66,418,Jyoti Bikas Bank Limited,JBBL,Development Banks
692,0,Jyoti Life Insurance Company Ltd,JLI,Life Insurance
289,593,Kalika Microcredit Development Bank Ltd.,KMCDB,Microfinance
164,2787,Kalika power Company Ltd,KPCL,Hydro Power
70,459,Kamana Sewa Bikas Bank Limited,KSBBL,Development Banks
76,428,Karnali Development Bank Limited,KRBL,Development Banks
165,2751,Khanikhola Hydropower Co. Ltd.,KKHC,Hydro Power
599,0,Kisan Lagubitta Bittiya Sanstha Limited [Former NRN Laghubitta Bittiya Sanstha Limited],KLBSL,Microfinance
19,142,Kumari Bank Limited,KBL,Commercial Banks
21,141,Laxmi Bank Limited,LBL,Commercial Banks
293,618,Laxmi Laghubitta Bittiya Sanstha Ltd.,LLBS,Microfinance
575,2903,Liberty Energy Company Limited,LEC,Hydro Power
247,188,Life Insurance Co. Nepal,LICN,Life Insurance
78,358,Lumbini Bikas Bank Ltd.,LBBL,Development Banks
207,190,Lumbini General Insurance Co. Ltd.,LGIL,Non Life Insurance
23,140,Machhapuchhre Bank Limited,MBL,Commercial Banks
731,0,Madhya Bhotekoshi Jalavidyut Company Limited,MBJC,Hydro Power
80,401,Mahalaxmi Bikas Bank Ltd.,MLBL,Development Banks
717,0,Mahila Laghubitta Bittiya Sanstha,MLBSL,Microfinance
297,2768,Mahuli Samudayik Laghubitta Bittiya Sanstha Ltd.,MSLB,Microfinance
581,0,Mailung Khola Jal Vidhyut Company Limited,MKJC,Hydro Power
696,0,Manakamana Smart Laghubitta Bittiya Sanstha Limited,MKLB,Microfinance
763,0,Manakamana Smart Laghubitta Bittiya Sanstha Limited Promoter,MKLBP,Microfinance
128,516,Manjushree Finance Ltd.,MFIL,Finance
759,0,Manushi Laghubitta Bittiya Sanstha Limited,MLBS,Microfinance
25,562,Mega Bank Nepal Ltd.,MEGA,Commercial Banks
299,1741,Mero Microfinance Bittiya Sanstha Ltd.,MERO,Microfinance
301,682,Mirmire Microfinance Development Bank Ltd.,MMFDB,Microfinance
82,371,Miteri Development Bank Limited,MDB,Development Banks
303,601,Mithila LaghuBitta Bittiya Sanstha Limited,MLBBL,Microfinance
611,0,Mountain Energy Nepal Limited,MEN,Hydro Power
166,2811,Mountain Hydro Nepal Limited,MHNL,Hydro Power
84,474,Muktinath Bikas Bank Ltd.,MNBBL,Development Banks
131,471,Multipurpose Finance Company Limited,MPFL,Finance
27,131,Nabil Bank Limited,NABIL,Commercial Banks
305,2784,Nadep Laghubittiya bittya Sanstha Ltd.,NADEP,Microfinance
412,172,Narayani Development Bank Limited,NABBC,Development Banks
167,152,National Hydro Power Company Limited,NHPC,Hydro Power
249,178,National Life Insurance Co. Ltd.,NLICL,Life Insurance
310,2746,National Microfinance Bittiya Sanstha Ltd.,NMFBS,Microfinance
612,0,Naya Sarathi Laghubitta Bittiya Sanstha Limited,NSLB,Microfinance
210,183,Neco Insurance Co. Ltd.,NIL,Non Life Insurance
313,2816,Nepal Agro Laghubitta Bittiya Sanstha Limited,NAGRO,Microfinance
29,136,Nepal Bangladesh Bank Limited,NBB,Commercial Banks
31,517,Nepal Bank Limited,NBL,Commercial Banks
32,144,Nepal Credit And Commercial Bank Limited,NCCB,Commercial Banks
233,307,Nepal Doorsanchar Company Limited,NTC,Others
132,194,Nepal Finance Ltd.,NFS,Finance
168,2769,Nepal Hydro Developers Ltd.,NHDL,Hydro Power
625,0,Nepal Infrastructure Bank,NIFRA,Investment
211,176,Nepal Insurance Co. Ltd.,NICL,Non Life Insurance
34,132,Nepal Investment Bank Limited,NIB,Commercial Banks
251,187,Nepal Life Insurance Co. Ltd.,NLIC,Life Insurance
239,198,Nepal Lube Oil Limited,NLO,Manufacturing and Processing
573,2881,Nepal Reinsurance Company Limited,NRIC,Others
37,135,Nepal SBI Bank Limited,SBI,Commercial Banks
317,396,Nerude Laghubita Bikas Bank Limited,NLBBL,Microfinance
742,0,Nesdo Sambridha Laghubitta Bittiya Sanstha Limited,NSLBSL,Microfinance
169,2743,Ngadi Group Power Ltd.,NGPL,Hydro Power
38,139,NIC Asia Bank Ltd.,NICA,Commercial Banks
584,2887,NIC ASIA Laghubitta Bittiya Sanstha Limited,NICLBSL,Microfinance
319,163,Nirdhan Utthan Laghubitta Bittiya Sanstha Limited,NUBL,Microfinance
213,559,NLG Insurance Company Ltd.,NLG,Non Life Insurance
40,238,NMB Bank Limited,NMB,Commercial Banks
322,704,NMB Microfinance Bittiya Sanstha Ltd.,NMBMF,Microfinance
572,2898,NRN Infrastructure and Development Limited,NRN,Investment
762,0,Nyadi Hydropower Limited,NYADI,Hydro Power
148,149,Oriental Hotels Limited,OHL,Hotels and Tourism
170,2786,Panchakanya Mai Hydropower Ltd,PMHPL,Hydro Power
171,2813,Panchthar Power Company Limited,PPCL,Hydro Power
134,236,Pokhara Finance Ltd.,PFL,Finance
42,255,Prabhu Bank Limited,PRVU,Commercial Banks
215,184,Prabhu Insurance Ltd.,PRIN,Non Life Insurance
613,0,Prabhu Life Insurance,PLI,Life Insurance
217,182,Premier Insurance Co. Ltd.,PIC,Non Life Insurance
44,357,Prime Commercial Bank Ltd.,PCBL,Commercial Banks
253,393,Prime Life Insurance Company Limited,PLIC,Life Insurance
136,338,Progressive Finance Limited,PROFL,Finance
219,189,Prudential Insurance Co. Ltd.,PICL,Non Life Insurance
172,2776,Radhi Bidyut Company Ltd,RADHI,Hydro Power
173,2783,Rairang Hydropower Development Company Ltd.,RRHP,Hydro Power
782,0,Rastra Utthan Laghubitta Bittiya Sanstha Ltd,RULB,Microfinance
221,177,Rastriya Beema Company Limited,RBCL,Non Life Insurance
174,2841,Rasuwagadhi Hydropower Company Limited,RHPL,Hydro Power
138,587,Reliance Finance Ltd.,RLFL,Finance
585,2900,Reliance Life Insurance Limited,RLI,Life Insurance
175,610,Ridi Hydropower Development Company Ltd.,RHPC,Hydro Power
323,575,RMDC Laghubitta Bittiya Sanstha Ltd.,RMDC,Microfinance
325,2748,RSDC Laghubitta Bittiya Sanstha Ltd.,RSDC,Microfinance
685,0,Ru Ru Jalbidhyut Pariyojana Limited,RURU,Hydro Power
327,2843,Sabaiko Laghubitta Bittiya Sanstha Limited,SABSL,Microfinance
582,2896,Sadhana Laghubitta Bittiya Sanstha Limited,SDLBSL,Microfinance
223,185,Sagarmatha Insurance Co. Ltd.,SIC,Non Life Insurance
760,0,Sahas Urja Ltd.,SAHAS,Hydro Power
235,155,Salt Trading Corporation,STC,Tradings
329,2761,Samata Gharelu Laghubitta Bittiya Sanstha Limited,SMATA,Microfinance
755,0,Samling Power Company Limited,SPC,Hydro Power
140,256,Samriddhi Finance Company Limited,SFCL,Finance
331,2804,Samudayik Laghubitta Bittiya Sanstha Limited,SLBSL,Microfinance
333,574,Sana Kisan Laghubitta Bittiya Sanstha Limited,SKBBL,Microfinance
46,171,Sanima Bank Limited,SANIMA,Commercial Banks
587,2908,Sanima General Insurance Company Limited,SGI,Non Life Insurance
592,0,Sanima Life Insurance Company Limited,SLI,Life Insurance
176,591,Sanima Mai Hydropower Ltd.,SHPC,Hydro Power
177,2842,Sanjen Jalavidhyut Company Limited,SJCL,Hydro Power
571,2860,Saptakoshi Development Bank Ltd,SAPDBL,Development Banks
98,472,Shangrila Development Bank Ltd.,SADBL,Development Banks
225,192,Shikhar Insurance Co. Ltd.,SICL,Non Life Insurance
100,473,Shine Resunga Development Bank Ltd.,SHINE,Development Banks
578,2907,Shiva Shree Hydropower Limited,SSHL,Hydro Power
240,2809,Shivam Cement Ltd.,SHIVM,Manufacturing and Processing
143,244,Shree Investment Finance Co. Ltd.,SIFC,Finance
48,145,Siddhartha Bank Limited,SBL,Commercial Banks
227,280,Siddhartha Insurance Ltd.,SIL,Non Life Insurance
102,561,Sindhu Bikash Bank Ltd,SINDU,Development Banks
628,0,Singati Hydro Energy Limited,SHEL,Hydro Power
149,147,Soaltee Hotel Limited,SHL,Hotels and Tourism
50,133,Standard Chartered Bank Limited,SCB,Commercial Banks
337,502,Summit Laghubitta Bittiya Sanstha Limited,SMFDB,Microfinance
52,359,Sunrise Bank Limited,SRBL,Commercial Banks
339,2771,Support Microfinance Bittiya Sanstha Ltd.,SMB,Microfinance
255,403,Surya Life Insurance Company Limited,SLICL,Life Insurance
342,2750,Suryodaya Laghubitta Bittiya Sanstha Ltd.,SLBS,Microfinance
343,268,Swabalamban Laghubitta Bittiya Sanstha Limited,SWBBL,Microfinance
345,2829,Swabhimaan Laghubitta Bittiya Sanstha Limited,SMFBS,Microfinance
349,545,Swarojgar Laghu Bitta Bikas Bank Ltd.,SLBBL,Microfinance
178,2759,Synergy Power Development Ltd.,SPDL,Hydro Power
150,148,Taragaon Regency Hotel Limited,TRH,Hotels and Tourism
748,0,Tehrathum Power Company Limited,TPC,Hydro Power
242,219,Unilever Nepal Limited,UNL,Manufacturing and Processing
179,2831,Union Hydropower Limited,UNHPL,Hydro Power
740,0,Union Life Insurance Company Limited,ULI,Life Insurance
617,0,United IDI Mardi and RB Hydropower Ltd,UMRH,Hydro Power
229,180,United Insurance Co. (Nepal) Ltd.,UIC,Non Life Insurance
180,2760,United Modi Hydropower Ltd.,UMHL,Hydro Power
181,2810,Universal Power Company Limited,UPCL,Hydro Power
595,2774,Unnati Sahakarya Laghubitta Bittiya Sanstha Limited,USLB,Microfinance
182,2792,Upper Tamakoshi Hydropower Ltd,UPPER,Hydro Power
353,687,Vijaya laghubitta Bittiya Sanstha Ltd.,VLBS,Microfinance
315,0,Wean Nepal Laghubitta Bittiya Sanstha Limited,WNLB,Microfinance
355,706,Womi Microfinance Bittiya Sanstha Ltd.,WOMI,Microfinance
183,2780,Citizens Mutual Fund -1,CMF1,Mutual Fund
184,2862,Citizens Mutual Fund 2,CMF2,Mutual Fund
185,1740,Global IME Samunnat Scheme-1,GIMES1,Mutual Fund
729,0,Kumari Equity Fund,KEF,Mutual Fund
186,2765,Laxmi Equity Fund,LEMF,Mutual Fund
598,2902,Laxmi Unnati Kosh,LUK,Mutual Fund
764,0,Mega Mutual Fund - 1,MMF 1,Mutual Fund
768,0,Nabil Balanced Fund III,NBF3,Mutual Fund
188,2835,NABIL BALANCED FUND-2,NBF2,Mutual Fund
189,2753,Nabil Equity Fund,NEF,Mutual Fund
190,2755,NIBL Pragati Fund,NIBLPF,Mutual Fund
601,0,NIBL Sahabhagita Fund,NIBLSF,Mutual Fund
728,0,NIBL Samriddhi Fund - II,NIBSF2,Mutual Fund
191,636,NIBL Samriddhi Fund 1,NIBSF1,Mutual Fund
192,2863,NIC Asia Balanced Fund,NICBF,Mutual Fund
622,0,NIC Asia Dynamic Debt Fund,NADDF,Mutual Fund
193,2779,NIC Asia Growth Fund,NICGF,Mutual Fund
735,0,NIC Asia Select-30,NICSF,Mutual Fund
597,2867,NMB 50,NMB50,Mutual Fund
194,2752,NMB Hybrid Fund L-1,NMBHF1,Mutual Fund
737,0,NMB Saral Bachat Fund - E (Open End),NMBSBF,Mutual Fund
195,629,NMB Sulav Investment Fund- 1,NMBSF1,Mutual Fund
734,0,Prabhu Select Fund,PSF,Mutual Fund
739,0,"Rastriya Banijya Bank Ltd.(6Years, 8.5% RBBL Debenture,2083)",RBBD83,Corporate Debenture
736,0,RBB Mutual Fund 1,RMF1,Mutual Fund
196,2773,Sanima Equity Fund,SAEF,Mutual Fund
629,0,Sanima Large Cap Fund,SLCF,Mutual Fund
197,2770,Siddhartha Equity Fund,SEF,Mutual Fund
199,2859,Siddhartha Investment Growth Scheme - 2,SIGS2,Mutual Fund
747,0,Siddhartha Systematic Investment Scheme,SSIS,Mutual Fund
720,0,Sunrise Bluechip Fund,SBCF,Mutual Fund
200,2877,Sunrise First Mutual Fund,SFMF,Mutual Fund
262,0,Asha Laghubitta Bittiya Sanstha Limited Promoter Share,ALBSLP,Microfinance
244,0,Asian Life Insurance Company Limited Promoter Share,ALICLP,Life Insurance
109,0,Best Finance Company Limited Promoter Share,BFCPO,Finance
113,0,Central Finance Limited Promoter Share,CFCLPO,Finance
6,0,Century Commercial Bank Limited Promoter Share,CCBLPO,Commercial Banks
266,0,Chhimek Laghubitta Bittiya Sanstha Limited Promoter Share,CBBLPO,Microfinance
8,0,Citizens Bank International Limited Promoter Share,CZBILP,Commercial Banks
10,0,Civil Bank Limited Promoter Share,CBLPO,Commercial Banks
267,0,Civil Laghubitta Bittiya Sanstha Limited Promoter Share,CLBSLP,Microfinance
55,0,Corporate Development Bank Limited Promoter Share,CORBLP,Development Banks
270,0,Deprosc Laghubitta Bittiya Sanstha Limited Promoter Share,DDBLPO,Microfinance
783,0,Emerging Nepal Limited Promoter Share,ENLP,Investment
12,0,Everest Bank Limited Promoter Share,EBLPO,Commercial Banks
202,0,Everest Insurance Company Limited Promoter Share,EICPO,Non Life Insurance
59,0,Excel Development Bank Limited Promoter Share,EDBLPO,Development Banks
272,0,First Microfinance Laghubitta Bittiya Sanstha Limited Promoter Share,FMDBLP,Microfinance
274,0,Forward Community Microfinance Bittiya Sanstha Limited Promoter Share,FOWADP,Microfinance
276,0,Ganapati Laghubitta Bittiya Sanstha Limited Promoter Share,GMFBSP,Microfinance
63,0,Garima Bikas Bank Limited Promoter Share,GBBLPO,Development Banks
278,0,Ghodighoda Laghubitta Bittiya Sanstha Limited Promoter Share,GGBSLPO,Microfinance
14,0,Global IME Bank Limited Promoter Share,GBIMEP,Commercial Banks
279,0,Global IME Laghubitta Bittiya Sanstha Limited Promoter Share,GILBPO,Microfinance
117,0,Goodwill Finance Company Limited Promoter Share,GFCLPO,Finance
282,0,Grameen Bikas Laghubitta Bittiya Sanstha Limited Promoter Share,GBLBSP,Microfinance
65,0,Green Development Bank Limited Promoter Share,GRDBLP,Development Banks
119,0,Guheswori Merchant Banking and Finance Limited Promoter Share,GMFILP,Finance
283,0,Gurans Laghubitta Bittiya Sanstha Limited Promoter Share,GLBSLP,Microfinance
246,0,Gurans Life Insurance Company Limited Promoter Share,GLICLP,Life Insurance
121,0,Gurkhas Finance Limited Promoter Share,GUFLPO,Finance
16,0,Himalayan Bank Limited Promoter Share,HBLPO,Commercial Banks
204,0,Himalayan General Insurance Company Limited Promoter Share,HGIPO,Non Life Insurance
123,0,ICFC Finance Limited Promoter Share,ICFCPO,Finance
206,0,IME General Insurance Limited Promoter Share,IGIPO,Non Life Insurance
286,0,Infinity Laghubitta Bittiya Sanstha Limited Promoter Share,ILBSP,Microfinance
785,0,Jalpa Samudayik Laghubitta Bittiya Sanstha Limited Promoter Share,JALPAP,Microfinance
125,0,Janaki Finance company Limited Promoter Share,JFLPO,Finance
287,0,Janautthan Samudayic Laghubitta Bikas Bank Limited Promoter Share,JSLBBP,Microfinance
757,0,Jeevan Bikas Laghubitta Bittiya Sanstha Limited -Promoter Share,JBLBP,Microfinance
67,0,Jyoti Bikas Bank Limited Promoter Share,JBBLPO,Development Banks
726,0,Jyoti Life Insurance Company Ltd.- Promoter Share,JLIP,Life Insurance
290,0,Kalika Laghubitta Bittiya Sanstha Limited Promoter Share,KMCDBP,Microfinance
71,0,Kamana Sewa Bikas Bank Limited Promoter Share,KSBBLP,Development Banks
77,0,Karnali Development Bank Limited Promoter Share,KRBLPO,Development Banks
623,0,Kisan Lagubitta Bittiya Sanstha Limited Promotor Share,KLBSLP,Microfinance
20,0,Kumari Bank Limited Promoter Share,KBLPO,Commercial Banks
22,0,Laxmi Bank Limited Promoter Share,LBLPO,Commercial Banks
294,0,Laxmi Laghubitta Bittiya Sanstha Limited Promoter Share,LLBSPO,Microfinance
248,0,Life Insurance Corporation (Nepal) Limited Promoter Share,LICNPO,Life Insurance
79,0,Lumbini Bikas Bank Limited Promoter Share,LBBLPO,Development Banks
208,0,Lumbini General Insurance Company Limited Promoter Share,LGILPO,Non Life Insurance
24,0,Machhapuchchhre Bank Limited Promoter Share,MBLPO,Commercial Banks
81,0,Mahalaxmi Bikas Bank Limited Promoter Share,MLBLPO,Development Banks
719,0,Mahila Laghubitta Bittiya Sanstha Limited,MLBSLP,Microfinance
298,0,Mahuli Samudayik Laghubitta Bittiya Sanstha Limited Promoter Share,MSLBP,Microfinance
129,0,Manjushree Finance Limited Promoter Share,MFILPO,Finance
26,0,Mega Bank Nepal Limited Promoter Share,MEGAPO,Commercial Banks
300,0,Mero Microfinance Laghubitta Bittiya Sanstha Limited Promoter Share,MEROPO,Microfinance
302,0,Mirmire Laghubitta Bittiya Sanstha Limited Promoter Share,MMFDBP,Microfinance
83,0,Miteri Development Bank Limited Promoter Share,MDBPO,Development Banks
304,0,Mithila LaghuBitta Bittiya Sanstha Limited Promoter Share,MLBBLP,Microfinance
85,0,Muktinath Bikas Bank Limited Promoter Share,MNBBLP,Development Banks
130,0,Multipurpose Finance Company Limited Promoter Share,MPFLPO,Finance
28,0,Nabil Bank Limited Promoter Share,NABILP,Commercial Banks
306,0,Nadep Laghubitta bittiya Sanstha Limited Promoter Share,NADEPP,Microfinance
250,0,National Life Insurance Company Limited Promoter Share,NLICLP,Life Insurance
309,0,National Microfinance Bittiya Sanstha Limited Promoter Share,NMFBSP,Microfinance
671,0,Naya Sarathi Nepal Laghubitta Bittiya Sanstha Limited Promoter Share,NSLBP,Microfinance
209,0,Neco Insurance Company Limited Promoter Share,NILPO,Non Life Insurance
30,0,Nepal Bangladesh Bank Limited Promoter Share,NBBPO,Commercial Banks
33,0,Nepal Credit And Commerce Bank Limited Promoter Share,NCCBPO,Commercial Banks
133,0,Nepal Finance Limited Promoter Share,NFSPO,Finance
690,0,Nepal Infrastructure Bank- Promotor,NIFRAP,Investment
212,0,Nepal Insurance Company Limited Promoter Share,NICLPO,Non Life Insurance
35,0,Nepal Investment Bank Limited Promoter Share,NIBPO,Commercial Banks
252,0,Nepal Life Insurance Company Limited Promoter Share,NLICP,Life Insurance
36,0,Nepal SBI Bank Limited Promoter Share,SBIPO,Commercial Banks
318,0,Nerude Laghubitta Bittiya Sanstha Limited Promoter Share,NLBBLP,Microfinance
39,0,NIC Asia Bank Limited Promoter Share,NICAP,Commercial Banks
320,0,Nirdhan Utthan Laghubitta Bittiya Sanstha Limited Promoter Share,NUBLPO,Microfinance
214,0,NLG Insurance Company Limited Promoter Share,NLGPO,Non Life Insurance
41,0,NMB Bank Limited Promoter Share,NMBPO,Commercial Banks
321,0,NMB Laghubitta Bittiya Sanstha Limited Promoter Share,NMBMFP,Microfinance
135,0,Pokhara Finance Limited Promoter Share,PFLPO,Finance
43,0,Prabhu Bank Limited Promoter Share,PRVUPO,Commercial Banks
216,0,Prabhu Insurance Limited Promoter Share,PRINPO,Non Life Insurance
218,0,Premier Insurance Company Limited Promoter Share,PICPO,Non Life Insurance
45,0,Prime Commercial Bank Limited Promoter Share,PCBLP,Commercial Banks
254,0,Prime Life Insurance Company Limited Promoter Share,PLICPO,Life Insurance
137,0,Progressive Finance Limited Promoter Share,PROFLP,Finance
220,0,Prudential Insurance Company Limited Promoter Share,PICLPO,Non Life Insurance
784,0,Rastra Utthan Laghubitta Bittiya Sanstha Ltd Promoter Share,RULBP,Microfinance
222,0,Rastriya Beema Company Limited Promoter Share,RBCLPO,Non Life Insurance
139,0,Reliance Finance Limited Promoter Share,RLFLPO,Finance
624,0,Reliance Life Insurance Limited Promotor Share,RLIP,Life Insurance
324,0,RMDC Laghubitta Bittiya Sanstha Limited Promoter Share,RMDCPO,Microfinance
326,0,RSDC Laghubitta Bittiya Sanstha Limited Promoter Share,RSDCP,Microfinance
328,0,Sabaiko Laghubitta Bittiya Sanstha Limited Promoter Share,SABSLPO,Microfinance
224,0,Sagarmatha Insurance Company Limited Promoter Share,SICPO,Non Life Insurance
330,0,Samata Laghubitta Bittiya Sanstha Limited Promoter Share,SMATAP,Microfinance
141,0,Samriddhi Finance Company Limited Promoter Share,SFCLP,Finance
332,0,Samudayik Laghubitta Bittiya Sanstha Limited Promoter Share,SLBSLPO,Microfinance
334,0,Sana Kisan Bikas Bank Limited Promoter Share,SKBBLP,Microfinance
47,0,Sanima Bank Limited Promoter Share,SBBLPO,Commercial Banks
97,0,Saptakoshi Development Bank Limited Promoter Share,SAPDBLP,Development Banks
99,0,Shangri-la Development Bank Limited Promoter Share,SADBLP,Development Banks
226,0,Shikhar Insurance Company Limited Promoter Share,SICLPO,Non Life Insurance
101,0,Shine Resunga Development Bank Limited Promoter Share,SHINEP,Development Banks
142,0,Shree Investment and Finance Company Limited Promoter Share,SIFCPO,Finance
49,0,Siddhartha Bank Limited Promoter Share,SBLPO,Commercial Banks
228,0,Siddhartha Insurance Limited Promoter Share,SILPO,Non Life Insurance
103,0,Sindhu Bikash Bank Limited Promoter Share,SINDUP,Development Banks
336,0,Sparsha Laghubitta Bittiya Sanstha Limited Promoter Share,SPARSPO,Microfinance
51,0,Standard Chartered Bank Nepal Limited Promoter Share,SCBPO,Commercial Banks
338,0,Summit Laghubitta Bittiya Sanstha Limited Promoter Share,SMFDBP,Microfinance
53,0,Sunrise Bank Limited Promoter Share,SRBLPO,Commercial Banks
340,0,Support Microfinance Bittiya Sanstha Limited Promoter Share,SMBPO,Microfinance
256,0,Surya Life Insurance Company Limited Promoter Share,SLICLP,Life Insurance
341,0,Suryodaya Laghubitta Bittiya Sanstha Limited Promoter Share,SLBSP,Microfinance
344,0,Swabalamban Laghubitta Bittiya Sanstha Limited Promoter Share,SWBBLP,Microfinance
346,0,Swabhimaan Laghubitta Bittiya Sanstha Limited Promoter Share,SMFBSP,Microfinance
350,0,Swarojgar Laghubitta Bittiya Sanstha Limited Promoter Share,SLBBLP,Microfinance
758,0,Union Life Insurance Company Limited Promoter Share,ULIP,Life Insurance
147,0,United Finance Limited Promoter Share,UFLPO,Finance
230,0,United Insurance Company (Nepal) Limited Promoter Share,UICPO,Non Life Insurance
354,0,Vijaya laghubitta Bittiya Sanstha Limited Promoter Share,VLBSPO,Microfinance
356,0,Womi Laghubitta Bittiya Sanstha Limited Promoter Share,WOMIPO,Microfinance
600,2873,10% Himalayan Bank Debenture 2083,HBLD83,Corporate Debenture
681,2879,10% Laxmi Bank Debenture 2086,LBLD86,Corporate Debenture
602,2892,10% Nabil Debenture 2082,NBLD82,Corporate Debenture
603,2890,10% Nepal SBI Bank Debenture 2086,SBIBD86,Corporate Debenture
369,0,10% NIC Asia Debenture 2085/86,NICAD85/86,Corporate Debenture
358,2850,10% NMB DEBENTURE 2085,NMBD2085,Corporate Debenture
604,2904,10% Prabhu Bank Debenture 2084,PBLD84,Corporate Debenture
370,2828,10% Sanima Bank Limited Debenture,SAND2085,Corporate Debenture
359,2834,10% Sunrise Debenture 2080,SRD80,Corporate Debenture
605,2889,10.25% Citizens Bank Debenture 2086,CIZBD86,Corporate Debenture
360,2840,10.25% Global IME Bank Ltd. Debenture 2080/81,GBD80/81,Corporate Debenture
606,2885,10.25% KBL Debenture 2086,KBLD86,Corporate Debenture
718,2866,10.25% Machhapuchhre Bank Debenture 2085,MBLD2085,Corporate Debenture
607,2854,10.25% NBBL Debenture 2085,NBBD2085,Corporate Debenture
361,2868,10.25% NIC Asia Debenture 2083/84,NICD83/84,Corporate Debenture
368,2875,10.25% Prabhu Bank Debenture 2086,PBLD86,Corporate Debenture
362,2864,10.25% SBL Debenture 2083,SBLD83,Corporate Debenture
363,2878,10.25% Sunrise Bank Debenture 2083,SRBLD83,Corporate Debenture
679,2886,10.35% Agricultural Bank Debenture 2083,ADBLD83 ,Corporate Debenture
608,2851,10.5 % Nepal Investment Debenture 2082,NIBD2082,Corporate Debenture
364,2872,10.50% SBL Debenture 2082,SBLD2082,Corporate Debenture
365,2869,11% NIC Asia Debenture 082/83,NICAD8283,Corporate Debenture
691,2883,12% Goodwill Finance Limited Debenture 2083,GWFD83,Corporate Debenture
689,2882,12% ICFC Finance Limited Debenture 2083,ICFCD83,Corporate Debenture
751,0,4% Agricultural Bond_8 & 9 years,ADBLB86,Corporate Debenture
675,0,4% NMB Urja Rinpatra 2092/93,NMBEB2092/93,Corporate Debenture
366,2870,8% BOK Debenture 2079,BOKD2079,Corporate Debenture
367,2871,8% EBL Debenture 2078,EBLD2078,Corporate Debenture
754,0,8% Nabil Bank Debenture 2085,NBLD85,Corporate Debenture
741,0,8% NIB Debenture 2078 (8NIB2078),8NIB2078,Corporate Debenture
621,0,8.5% BOK Debenture 2086,BOKD86,Corporate Debenture
721,0,8.5% Global IME Bank Ltd. Debenture 2086/87,GBILD86/87,Corporate Debenture
676,0,8.5% Nepal Bank Rinpatra 2087,85NBR87,Corporate Debenture
746,0,8.5% NIC Asia Debenture 2088,NICAD88,Corporate Debenture
733,0,8.5% NMB Rinpatra 2087/88,NMBD8788,Corporate Debenture
738,0,8.5% Prabhu Bank Debenture 2087,PBD87,Corporate Debenture
627,0,8.5% Sanima Debenture 2087,SBD87,Corporate Debenture
682,2912,8.5% SBL Debenture 2084,SBLD84,Corporate Debenture
693,0,8.75% Prime Debenture 2085,875PCBL85,Corporate Debenture
725,0,9% Jyoti Bikas Bank Bond 2087,9JBBB87,Corporate Debenture
687,0,9% KSBBL Debenture 2087,95KSBBLD87,Corporate Debenture
610,2895,9% NIC Asia Debenture 2081/82,NICAD8182,Corporate Debenture
745,0,"9% Shangrila Development Bank Debenture, 2087",9%SDBD,Corporate Debenture
673,0,9.5% Manjushree Finance Ltd. Debenture 2085,MFLD85,Corporate Debenture
724,0,9.5% NCC Debenture 2086,NCCD86,Corporate Debenture
